year,month,value
1991,1,34.03510284
1991,2,34.17738724
1991,3,34.22873306
1991,4,34.22577667
1991,5,34.26962662
1991,6,34.28369141
1991,7,34.27031708
1991,8,34.30866623
1991,9,34.27224731
1991,10,34.10914612
1991,11,34.01493073
1991,12,33.89778519
1992,1,34.03510284
1992,2,34.17738724
1992,3,34.22873306
1992,4,34.22577667
1992,5,34.26962662
1992,6,34.28369141
1992,7,34.27031708
1992,8,34.30866623
1992,9,34.27224731
1992,10,34.10914612
1992,11,34.01493073
1992,12,33.89778519
1993,1,34.03510284
1993,2,34.17738724
1993,3,34.22873306
1993,4,34.22577667
1993,5,34.26962662
1993,6,34.28369141
1993,7,34.27031708
1993,8,34.30866623
1993,9,34.27224731
1993,10,34.10914612
1993,11,34.01493073
1993,12,33.89778519
1994,1,33.59997559
1994,2,33.658638
1994,3,33.88850021
1994,4,33.69305038
1994,5,33.63783264
1994,6,33.71754456
1994,7,33.73474884
1994,8,33.84863663
1994,9,33.97430038
1994,10,33.97280502
1994,11,34.02967834
1994,12,34.01016617
1995,1,33.8312149
1995,2,33.59519196
1995,3,33.73513412
1995,4,33.54699326
1995,5,33.50559235
1995,6,33.36201859
1995,7,33.42502213
1995,8,33.47072983
1995,9,33.57783508
1995,10,33.65922928
1995,11,33.84951019
1995,12,33.91909409
1996,1,33.89339066
1996,2,34.00012207
1996,3,34.0649147
1996,4,34.13711929
1996,5,34.11873627
1996,6,34.03769302
1996,7,34.01594925
1996,8,34.05588531
1996,9,34.03133011
1996,10,34.09740448
1996,11,34.1283226
1996,12,33.95823288
1997,1,33.90837097
1997,2,33.9315567
1997,3,33.87866211
1997,4,33.93441772
1997,5,34.01461411
1997,6,34.05524445
1997,7,33.89349365
1997,8,33.88487244
1997,9,33.99922943
1997,10,34.0630722
1997,11,34.13584518
1997,12,34.16733551
1998,1,34.09864426
1998,2,34.11320877
1998,3,34.05569077
1998,4,34.02495193
1998,5,34.0048027
1998,6,34.04520035
1998,7,34.10194397
1998,8,34.16366959
1998,9,34.09835815
1998,10,34.07688904
1998,11,33.7979126
1998,12,33.83863449
1999,1,33.95677185
1999,2,33.9222374
1999,3,33.57247543
1999,4,33.76971817
1999,5,33.78264618
1999,6,33.76535416
1999,7,33.78912354
1999,8,33.87605286
1999,9,33.98737717
1999,10,34.0982666
1999,11,34.10119247
1999,12,34.0382309
2000,1,33.82469559
2000,2,33.93315506
2000,3,33.76912689
2000,4,33.70808792
2000,5,33.72618484
2000,6,33.8119545
2000,7,33.76086044
2000,8,33.72042084
2000,9,33.78920364
2000,10,33.86749268
2000,11,33.89374924
2000,12,33.93636703
2001,1,33.86354065
2001,2,33.6280098
2001,3,33.45728683
2001,4,33.20751953
2001,5,33.16411972
2001,6,33.30596542
2001,7,33.43336105
2001,8,33.59800339
2001,9,33.63177109
2001,10,33.61291504
2001,11,33.68806839
2001,12,33.5359726
2002,1,33.51272964
2002,2,33.48214722
2002,3,33.33031464
2002,4,33.35798645
2002,5,33.5458107
2002,6,33.7075386
2002,7,33.82643127
2002,8,33.81051636
2002,9,33.89489746
2002,10,33.9300499
2002,11,33.70886612
2002,12,33.74666977
2003,1,33.43157578
2003,2,33.32706833
2003,3,33.54818344
2003,4,33.63260269
2003,5,33.78284073
2003,6,33.8603363
2003,7,33.91962433
2003,8,34.05791473
2003,9,34.23373032
2003,10,34.30402756
2003,11,34.31523895
2003,12,34.2169075
2004,1,33.93339157
2004,2,33.73314667
2004,3,33.75580215
2004,4,33.83773422
2004,5,33.85136032
2004,6,33.90872955
2004,7,33.94543076
2004,8,33.93529129
2004,9,34.03391647
2004,10,34.14590836
2004,11,34.12244797
2004,12,34.05579376
2005,1,34.12356949
2005,2,34.01002884
2005,3,33.97642899
2005,4,33.88002014
2005,5,33.86997223
2005,6,33.90979767
2005,7,33.88289642
2005,8,33.94938278
2005,9,33.96038437
2005,10,34.01538086
2005,11,34.134758
2005,12,34.12889862
2006,1,34.08085251
2006,2,34.10144424
2006,3,33.98751068
2006,4,33.7386055
2006,5,33.78433609
2006,6,33.76623535
2006,7,33.92495346
2006,8,34.06190872
2006,9,34.03528976
2006,10,34.05191803
2006,11,34.12975311
2006,12,34.17272186
2007,1,34.15790176
2007,2,34.07720947
2007,3,33.97577667
2007,4,33.96805573
2007,5,34.00613785
2007,6,33.90481567
2007,7,33.83797836
2007,8,33.71976471
2007,9,33.74966812
2007,10,33.68618393
2007,11,33.72105789
2007,12,33.56658173
2008,1,33.73688507
2008,2,33.87597656
2008,3,33.861763
2008,4,33.64220428
2008,5,33.67543793
2008,6,33.70875168
2008,7,33.89048767
2008,8,33.99121857
2008,9,34.07050705
2008,10,34.07233047
2008,11,34.01875305
2008,12,33.88898849
2009,1,33.85286331
2009,2,34.02393723
2009,3,33.93728256
2009,4,33.76734543
2009,5,33.92619705
2009,6,33.93210602
2009,7,33.98246002
2009,8,34.03930664
2009,9,34.18598938
2009,10,34.21039581
2009,11,34.24460983
2009,12,34.11381912
2010,1,33.92617035
2010,2,33.97938156
2010,3,33.79838562
2010,4,33.7132225
2010,5,33.69129944
2010,6,33.6163826
2010,7,33.70638657
2010,8,33.71920776
2010,9,33.6145401
2010,10,33.67527008
2010,11,33.69871902
2010,12,33.57967377
2011,1,33.36258698
2011,2,33.59116745
2011,3,33.73878098
2011,4,33.84534454
2011,5,33.92700577
2011,6,34.02513885
2011,7,34.0197258
2011,8,34.10179138
2011,9,34.24666977
2011,10,34.28435516
2011,11,34.27913284
2011,12,34.26934433
2012,1,33.93061447
2012,2,34.07781219
2012,3,34.11362076
2012,4,34.13116837
2012,5,34.0589447
2012,6,34.0552597
2012,7,34.12777328
2012,8,34.17350769
2012,9,34.2065239
2012,10,34.13845062
2012,11,34.09526062
2012,12,33.94028091
2013,1,33.73493958
2013,2,33.65112686
2013,3,33.64539719
2013,4,33.60507584
2013,5,33.67703629
2013,6,33.53787994
2013,7,33.58231354
2013,8,33.90142059
2013,9,33.93712997
2013,10,33.94895935
2013,11,33.85710144
2013,12,33.83602524
2014,1,33.87217331
2014,2,34.10965347
2014,3,34.05726624
2014,4,34.02768326
2014,5,34.01904678
2014,6,33.95305252
2014,7,33.96963501
2014,8,33.98146439
2014,9,33.912323
2014,10,33.96401596
2014,11,33.99917221
2014,12,33.99377441
2015,1,33.90838242
2015,2,33.87868118
2015,3,33.82120514
2015,4,33.8143425
2015,5,33.84262466
2015,6,33.90811157
2015,7,33.99456406
2015,8,34.21383286
2015,9,34.19638062
2015,10,34.14949799
2015,11,34.12865829
2015,12,34.11592484
2016,1,34.20467758
2016,2,34.0900383
2016,3,33.72941208
2016,4,33.72870255
2016,5,33.7182312
2016,6,33.54338455
2016,7,33.63026047
2016,8,33.89799118
2016,9,34.00292206
2016,10,34.07542419
2016,11,34.05097961
2016,12,34.00718307
2017,1,33.94907761
2017,2,34.1309433
2017,3,33.98443222
2017,4,33.95826721
2017,5,33.94105911
2017,6,33.98548889
2017,7,34.01952362
2017,8,34.06674576
2017,9,34.06679535
2017,10,34.12308884
2017,11,34.09166718
2017,12,33.84513092
2018,1,33.75610733
2018,2,33.98226166
2018,3,33.92332458
2018,4,33.8603096
2018,5,33.84715271
2018,6,33.82545853
2018,7,33.83116531
2018,8,33.84457397
2018,9,33.88285446
2018,10,33.91949081
2018,11,33.89732742
2018,12,33.88503647
2019,1,33.72206497
2019,2,33.79511261
2019,3,33.87441635
2019,4,33.78391266
2019,5,33.79017258
2019,6,33.73550415
2019,7,33.73243713
2019,8,33.84910583
2019,9,33.99364853
2019,10,33.99730301
2019,11,34.03919983
2019,12,34.0008316
2020,1,33.99918747
2020,2,33.9899559
2020,3,33.95956802
2020,4,33.81564331
2020,5,33.78932571
2020,6,33.73145294
2020,7,33.84706497
2020,8,33.93202209
2020,9,34.02961349
2020,10,33.95061111
2020,11,34.03924942
2020,12,33.98915863
2021,1,33.78896332
2021,2,33.7494545
2021,3,33.64413452
2021,4,33.50961304
2021,5,33.5662117
2021,6,33.47018433
2021,7,33.4588089
2021,8,33.57165527
2021,9,33.54184341
2021,10,33.71350479
2021,11,33.73913193
2021,12,33.6013031
2022,1,33.50384903
2022,2,33.56588364
2022,3,33.46378326
2022,4,33.483284
2022,5,33.52275467
2022,6,33.49473953
2022,7,33.51947403
2022,8,33.55525208
2022,9,33.59014893
2022,10,33.65771866
2022,11,33.81826019
2022,12,33.85604095
2023,1,33.88248444
2023,2,33.88924789
2023,3,33.7125206
2023,4,33.66085052
2023,5,33.6117897
2023,6,33.56141281
2023,7,33.67890549
2023,8,33.7647438
2023,9,33.82550812
2023,10,33.932621
2023,11,34.05255127
2023,12,34.02243423
2024,1,33.95449448
2024,2,33.7611084
2024,3,33.68785095
2024,4,33.85116959
2024,5,33.78495789
2024,6,33.77114868
2024,7,33.78316879
2024,8,33.85215378
2024,9,33.93716049
2024,10,33.97844696
2024,11,33.94227982
2024,12,33.78944778
2025,1,34.05097719
2025,2,34.00600095
2025,3,33.90872272
2025,4,33.80528791
2025,5,33.713942
2025,6,33.61840246
2025,7,33.58759747
2025,8,33.62236708
2025,9,33.7057625
2025,10,33.76727439
2025,11,33.86874262
2025,12,33.97159804
2026,1,34.0148192
2026,2,33.97860269
2026,3,33.85172224
2026,4,33.74485974
2026,5,33.62670125
2026,6,33.51358229
2026,7,33.47494861
2026,8,33.51106744
2026,9,33.59978334
2026,10,33.68498409
2026,11,33.75881654
2026,12,33.83439354
2027,1,33.87365638
2027,2,33.83876933
2027,3,33.80149407
2027,4,33.68549407
2027,5,33.57354555
2027,6,33.48569135
2027,7,33.48934031
2027,8,33.53941119
2027,9,33.61607927
2027,10,33.67435536
2027,11,33.76086117
2027,12,33.88615612
2028,1,33.95744031
2028,2,33.9752849
2028,3,33.88634548
2028,4,33.78394223
2028,5,33.65790456
2028,6,33.50774
2028,7,33.48512353
2028,8,33.52477745
2028,9,33.60216778
2028,10,33.68625565
2028,11,33.81889291
2028,12,33.9090287
2029,1,33.98192221
2029,2,33.96981459
2029,3,33.88597946
2029,4,33.78870998
2029,5,33.69426218
2029,6,33.61293362
2029,7,33.60149594
2029,8,33.6684052
2029,9,33.76194759
2029,10,33.849406
2029,11,33.94376382
2029,12,33.97818645
2030,1,33.96700592
2030,2,33.88355126
2030,3,33.77668872
2030,4,33.69295528
2030,5,33.58213228
2030,6,33.48329448
2030,7,33.49322217
2030,8,33.5256717
2030,9,33.57789012
2030,10,33.62416494
2030,11,33.70354492
2030,12,33.78602124
2031,1,33.81087796
2031,2,33.78808557
2031,3,33.71644119
2031,4,33.6073057
2031,5,33.50523058
2031,6,33.38671785
2031,7,33.33303513
2031,8,33.41557565
2031,9,33.46479083
2031,10,33.54529997
2031,11,33.69717526
2031,12,33.84074884
2032,1,33.89299601
2032,2,33.8693947
2032,3,33.76907756
2032,4,33.67156844
2032,5,33.5160601
2032,6,33.41113551
2032,7,33.37267779
2032,8,33.38665852
2032,9,33.46383752
2032,10,33.51001741
2032,11,33.62379809
2032,12,33.71719768
2033,1,33.78672136
2033,2,33.76391195
2033,3,33.70063956
2033,4,33.6155795
2033,5,33.51819656
2033,6,33.40216749
2033,7,33.39887141
2033,8,33.46599197
2033,9,33.54506977
2033,10,33.63642447
2033,11,33.72824594
2033,12,33.80944929
2034,1,33.84567028
2034,2,33.85065544
2034,3,33.81610869
2034,4,33.71984312
2034,5,33.64240807
2034,6,33.5644479
2034,7,33.55142517
2034,8,33.58604337
2034,9,33.68034902
2034,10,33.74699362
2034,11,33.84586874
2034,12,33.95729359
2035,1,33.99294922
2035,2,33.94689494
2035,3,33.84679075
2035,4,33.71651732
2035,5,33.61559672
2035,6,33.53872909
2035,7,33.48235479
2035,8,33.55099196
2035,9,33.61898125
2035,10,33.72608136
2035,11,33.83945742
2035,12,33.93966843
2036,1,33.97651226
2036,2,33.92411833
2036,3,33.82269088
2036,4,33.70950437
2036,5,33.5521286
2036,6,33.47925694
2036,7,33.49991191
2036,8,33.56057407
2036,9,33.6301048
2036,10,33.70259138
2036,11,33.78635721
2036,12,33.87149484
2037,1,33.88740087
2037,2,33.84174172
2037,3,33.79508842
2037,4,33.67245286
2037,5,33.54325675
2037,6,33.41515861
2037,7,33.37400109
2037,8,33.4195493
2037,9,33.42696277
2037,10,33.56346013
2037,11,33.69868184
2037,12,33.76789137
2038,1,33.77355208
2038,2,33.7218737
2038,3,33.64284643
2038,4,33.54886857
2038,5,33.4672639
2038,6,33.38306227
2038,7,33.31999686
2038,8,33.36971486
2038,9,33.48199843
2038,10,33.59552067
2038,11,33.6924356
2038,12,33.75695684
2039,1,33.79454529
2039,2,33.76720883
2039,3,33.68988211
2039,4,33.57685083
2039,5,33.48029336
2039,6,33.39604884
2039,7,33.35922036
2039,8,33.34921822
2039,9,33.44470158
2039,10,33.5497548
2039,11,33.61508595
2039,12,33.73230348
2040,1,33.80016359
2040,2,33.81501017
2040,3,33.79089821
2040,4,33.685179
2040,5,33.55659966
2040,6,33.49888138
2040,7,33.49838155
2040,8,33.5284926
2040,9,33.5920893
2040,10,33.6821209
2040,11,33.76270031
2040,12,33.84708157
2041,1,33.91555073
2041,2,33.86294418
2041,3,33.77305124
2041,4,33.67080904
2041,5,33.54083084
2041,6,33.42858568
2041,7,33.42744145
2041,8,33.43810037
2041,9,33.49479398
2041,10,33.60577941
2041,11,33.72889128
2041,12,33.79484986
2042,1,33.83616863
2042,2,33.78928037
2042,3,33.70286031
2042,4,33.58792168
2042,5,33.54598985
2042,6,33.46016459
2042,7,33.38631594
2042,8,33.39729895
2042,9,33.47554233
2042,10,33.59089732
2042,11,33.69148074
2042,12,33.76793073
2043,1,33.78408325
2043,2,33.78540127
2043,3,33.71342111
2043,4,33.60502915
2043,5,33.49387904
2043,6,33.43276769
2043,7,33.42057564
2043,8,33.42112518
2043,9,33.50119171
2043,10,33.62862027
2043,11,33.70683426
2043,12,33.78543929
2044,1,33.81536435
2044,2,33.77882368
2044,3,33.71170313
2044,4,33.65332527
2044,5,33.54182984
2044,6,33.4583804
2044,7,33.46240651
2044,8,33.48879398
2044,9,33.53007062
2044,10,33.58420296
2044,11,33.65912697
2044,12,33.72640879
2045,1,33.76133379
2045,2,33.76705312
2045,3,33.68605903
2045,4,33.59712553
2045,5,33.52221161
2045,6,33.42304603
2045,7,33.41455173
2045,8,33.43034781
2045,9,33.48982501
2045,10,33.5923458
2045,11,33.69443814
2045,12,33.76391676
2046,1,33.76389408
2046,2,33.75925925
2046,3,33.68648333
2046,4,33.59183256
2046,5,33.50887715
2046,6,33.40854736
2046,7,33.39457317
2046,8,33.42836732
2046,9,33.43418728
2046,10,33.49747443
2046,11,33.60462605
2046,12,33.66353119
2047,1,33.72146631
2047,2,33.80300329
2047,3,33.73806182
2047,4,33.65070107
2047,5,33.52117692
2047,6,33.42185836
2047,7,33.39965641
2047,8,33.42906966
2047,9,33.50153639
2047,10,33.63262893
2047,11,33.74134707
2047,12,33.83718127
2048,1,33.84418416
2048,2,33.7611204
2048,3,33.6864564
2048,4,33.59024819
2048,5,33.52414671
2048,6,33.41483141
2048,7,33.37203784
2048,8,33.43126228
2048,9,33.52182668
2048,10,33.59219776
2048,11,33.69055165
2048,12,33.74283079
2049,1,33.74332703
2049,2,33.72090217
2049,3,33.66039331
2049,4,33.59549392
2049,5,33.4936901
2049,6,33.39629449
2049,7,33.38234086
2049,8,33.40662798
2049,9,33.5071964
2049,10,33.56361385
2049,11,33.6637512
2049,12,33.76309592
2050,1,33.80971989
2050,2,33.78543919
2050,3,33.71750975
2050,4,33.61053619
2050,5,33.4799459
2050,6,33.3836117
2050,7,33.38766517
2050,8,33.41104804
2050,9,33.44557878
2050,10,33.56230849
2050,11,33.67924498
2050,12,33.75173181
2051,1,33.76644258
2051,2,33.6843713
2051,3,33.61071735
2051,4,33.54831638
2051,5,33.44611233
2051,6,33.34032952
2051,7,33.28087479
2051,8,33.29176223
2051,9,33.3527429
2051,10,33.43694744
2051,11,33.4955316
2051,12,33.6195292
2052,1,33.65515213
2052,2,33.60443674
2052,3,33.52505925
2052,4,33.44137004
2052,5,33.35209052
2052,6,33.27638173
2052,7,33.24524245
2052,8,33.27708169
2052,9,33.32053587
2052,10,33.35647309
2052,11,33.42963451
2052,12,33.53615288
2053,1,33.57681161
2053,2,33.53845504
2053,3,33.49124193
2053,4,33.39030514
2053,5,33.2577065
2053,6,33.14337443
2053,7,33.15536658
2053,8,33.2081269
2053,9,33.2286214
2053,10,33.32069607
2053,11,33.43654023
2053,12,33.56328305
2054,1,33.59619196
2054,2,33.55863677
2054,3,33.50225416
2054,4,33.41618618
2054,5,33.2676373
2054,6,33.12921291
2054,7,33.12119609
2054,8,33.1671064
2054,9,33.21170597
2054,10,33.31761055
2054,11,33.44279162
2054,12,33.54063094
2055,1,33.63730052
2055,2,33.62944644
2055,3,33.55427015
2055,4,33.48100474
2055,5,33.40836835
2055,6,33.29802385
2055,7,33.24686927
2055,8,33.28551797
2055,9,33.33166229
2055,10,33.40888911
2055,11,33.56390604
2055,12,33.68252685
2056,1,33.72264818
2056,2,33.68175549
2056,3,33.58512368
2056,4,33.49038032
2056,5,33.36503499
2056,6,33.2321856
2056,7,33.1515529
2056,8,33.17774621
2056,9,33.24747022
2056,10,33.32624854
2056,11,33.46505525
2056,12,33.57739578
2057,1,33.5816088
2057,2,33.55225078
2057,3,33.48040836
2057,4,33.3862085
2057,5,33.29401449
2057,6,33.15886744
2057,7,33.11135194
2057,8,33.13856611
2057,9,33.22023823
2057,10,33.28933493
2057,11,33.35459084
2057,12,33.38362032
2058,1,33.40554275
2058,2,33.41886638
2058,3,33.32469882
2058,4,33.19361142
2058,5,33.09926873
2058,6,33.02685212
2058,7,33.02736482
2058,8,33.05609019
2058,9,33.1120808
2058,10,33.23600175
2058,11,33.3082709
2058,12,33.41633734
2059,1,33.46059285
2059,2,33.41841416
2059,3,33.36709071
2059,4,33.26585716
2059,5,33.16233963
2059,6,33.04578183
2059,7,33.00874047
2059,8,33.04142083
2059,9,33.118726
2059,10,33.19404245
2059,11,33.27130422
2059,12,33.40197294
2060,1,33.48764309
2060,2,33.46803914
2060,3,33.407345
2060,4,33.29984757
2060,5,33.18550473
2060,6,33.07002932
2060,7,33.06963816
2060,8,33.09702933
2060,9,33.14803248
2060,10,33.23213947
2060,11,33.31076205
2060,12,33.3928767
2061,1,33.42061916
2061,2,33.38955785
2061,3,33.35638916
2061,4,33.31695471
2061,5,33.21645901
2061,6,33.10455744
2061,7,33.10908726
2061,8,33.10344763
2061,9,33.15776399
2061,10,33.21643724
2061,11,33.33277321
2061,12,33.46458791
2062,1,33.50951309
2062,2,33.45512809
2062,3,33.36328225
2062,4,33.28130466
2062,5,33.14558205
2062,6,33.05785806
2062,7,33.01359214
2062,8,33.0538981
2062,9,33.10680048
2062,10,33.20236123
2062,11,33.28111995
2062,12,33.38799582
2063,1,33.46511779
2063,2,33.45348689
2063,3,33.38921391
2063,4,33.26947096
2063,5,33.16276765
2063,6,33.05361128
2063,7,33.02907166
2063,8,33.08563429
2063,9,33.16871623
2063,10,33.21527358
2063,11,33.3037325
2063,12,33.4032899
2064,1,33.42432968
2064,2,33.37505713
2064,3,33.26067475
2064,4,33.15971364
2064,5,33.03403046
2064,6,32.95662311
2064,7,32.93392239
2064,8,32.93679189
2064,9,33.02805421
2064,10,33.06616226
2064,11,33.15425429
2064,12,33.22457613
2065,1,33.27127581
2065,2,33.2825586
2065,3,33.21283342
2065,4,33.10475526
2065,5,32.96207102
2065,6,32.85126786
2065,7,32.80017581
2065,8,32.82383974
2065,9,32.83558529
2065,10,32.95190097
2065,11,33.02199738
2065,12,33.15878989
2066,1,33.19715683
2066,2,33.1681418
2066,3,33.10551605
2066,4,33.04322291
2066,5,32.96998948
2066,6,32.86379878
2066,7,32.85337741
2066,8,32.89687422
2066,9,32.93136225
2066,10,32.98552642
2066,11,33.07392557
2066,12,33.21732451
2067,1,33.28314764
2067,2,33.25447146
2067,3,33.19582807
2067,4,33.07898516
2067,5,33.00669134
2067,6,32.87688586
2067,7,32.83089378
2067,8,32.87267942
2067,9,32.91786219
2067,10,32.98517443
2067,11,33.08452688
2067,12,33.18422353
2068,1,33.24129331
2068,2,33.25019208
2068,3,33.21578064
2068,4,33.14691568
2068,5,33.01917824
2068,6,32.93286866
2068,7,32.89532232
2068,8,32.92074135
2068,9,32.96089739
2068,10,33.03863286
2068,11,33.08920007
2068,12,33.14863656
2069,1,33.24515495
2069,2,33.17443646
2069,3,33.03999846
2069,4,32.93541268
2069,5,32.84296026
2069,6,32.77276322
2069,7,32.73053587
2069,8,32.73047443
2069,9,32.80622615
2069,10,32.91178928
2069,11,33.02746759
2069,12,33.16046374
2070,1,33.22675313
2070,2,33.18644374
2070,3,33.12167485
2070,4,33.02467423
2070,5,32.90551708
2070,6,32.77518417
2070,7,32.73163355
2070,8,32.70560482
2070,9,32.73777269
2070,10,32.84636287
2070,11,32.96852447
2070,12,33.07207125
2071,1,33.12290133
2071,2,33.1055715
2071,3,33.02656156
2071,4,32.93812033
2071,5,32.87891974
2071,6,32.83722558
2071,7,32.7935858
2071,8,32.80136343
2071,9,32.8262839
2071,10,32.9579987
2071,11,33.06580326
2071,12,33.18922235
2072,1,33.22905432
2072,2,33.2293326
2072,3,33.14002051
2072,4,33.01998748
2072,5,32.8617184
2072,6,32.71533463
2072,7,32.63575297
2072,8,32.59866493
2072,9,32.64095478
2072,10,32.7447691
2072,11,32.83986186
2072,12,32.96303613
2073,1,33.05548848
2073,2,33.08705365
2073,3,33.03787817
2073,4,32.95342568
2073,5,32.91674337
2073,6,32.84968569
2073,7,32.83305812
2073,8,32.86992719
2073,9,32.9171914
2073,10,32.985236
2073,11,33.05539036
2073,12,33.14838063
2074,1,33.2488272
2074,2,33.26490933
2074,3,33.17850253
2074,4,33.07133842
2074,5,32.94108355
2074,6,32.81336161
2074,7,32.72926108
2074,8,32.70743961
2074,9,32.77169419
2074,10,32.871202
2074,11,32.972859
2074,12,33.11700199
2075,1,33.21115418
2075,2,33.22235035
2075,3,33.11845294
2075,4,33.00962189
2075,5,32.84393553
2075,6,32.77605049
2075,7,32.74932851
2075,8,32.74614174
2075,9,32.7681758
2075,10,32.86866995
2075,11,32.94100456
2075,12,33.07263021
2076,1,33.16734741
2076,2,33.18406373
2076,3,33.11246655
2076,4,32.99863124
2076,5,32.91930523
2076,6,32.80220764
2076,7,32.71825034
2076,8,32.71737269
2076,9,32.76007465
2076,10,32.86937864
2076,11,32.95253433
2076,12,33.0445494
2077,1,33.10934371
2077,2,33.05235139
2077,3,32.99398922
2077,4,32.91473971
2077,5,32.80311045
2077,6,32.73721801
2077,7,32.69959277
2077,8,32.68311327
2077,9,32.76087362
2077,10,32.82134501
2077,11,32.86967608
2077,12,32.91571714
2078,1,33.00174016
2078,2,33.07746963
2078,3,33.02697061
2078,4,32.95310978
2078,5,32.84127892
2078,6,32.77866274
2078,7,32.70505852
2078,8,32.67371946
2078,9,32.68119974
2078,10,32.84475274
2078,11,32.95522153
2078,12,33.06777092
2079,1,33.20299748
2079,2,33.20158112
2079,3,33.14788008
2079,4,33.06350092
2079,5,32.96989251
2079,6,32.87558068
2079,7,32.82514825
2079,8,32.82877529
2079,9,32.82827057
2079,10,32.88323053
2079,11,33.05381614
2079,12,33.1283525
2080,1,33.18195691
2080,2,33.15806708
2080,3,33.07294908
2080,4,32.95423302
2080,5,32.78468232
2080,6,32.68183075
2080,7,32.62242745
2080,8,32.63017062
2080,9,32.68816091
2080,10,32.772315
2080,11,32.94792139
2080,12,33.05770009
2081,1,33.08133713
2081,2,33.06401007
2081,3,32.99244151
2081,4,32.84714903
2081,5,32.73148303
2081,6,32.6202084
2081,7,32.52075972
2081,8,32.49704304
2081,9,32.6599973
2081,10,32.73443602
2081,11,32.82311056
2081,12,32.96512143
2082,1,33.04083016
2082,2,33.03067648
2082,3,32.97273507
2082,4,32.87592372
2082,5,32.75484106
2082,6,32.64444381
2082,7,32.60089919
2082,8,32.62804188
2082,9,32.63132777
2082,10,32.72919966
2082,11,32.85477737
2082,12,32.93400034
2083,1,32.96704847
2083,2,32.94019098
2083,3,32.86020904
2083,4,32.76641397
2083,5,32.6596245
2083,6,32.59065905
2083,7,32.53072158
2083,8,32.49184998
2083,9,32.54475588
2083,10,32.64660814
2083,11,32.7601076
2083,12,32.8603175
2084,1,32.91342126
2084,2,32.88243613
2084,3,32.79151496
2084,4,32.70412311
2084,5,32.59575836
2084,6,32.49312482
2084,7,32.47633294
2084,8,32.47252418
2084,9,32.53121769
2084,10,32.61707933
2084,11,32.76531276
2084,12,32.87311111
2085,1,32.85261977
2085,2,32.8210621
2085,3,32.74233066
2085,4,32.64400919
2085,5,32.53001344
2085,6,32.45888624
2085,7,32.39219223
2085,8,32.35374826
2085,9,32.36307263
2085,10,32.44618573
2085,11,32.63793633
2085,12,32.81940963
2086,1,32.93406356
2086,2,32.93192847
2086,3,32.88043291
2086,4,32.78013551
2086,5,32.66522772
2086,6,32.55713422
2086,7,32.54484834
2086,8,32.53624093
2086,9,32.56125466
2086,10,32.71665519
2086,11,32.80385771
2086,12,32.96876645
2087,1,33.01693407
2087,2,32.96020549
2087,3,32.90227694
2087,4,32.78905471
2087,5,32.68335822
2087,6,32.56089857
2087,7,32.54556027
2087,8,32.5399455
2087,9,32.52629143
2087,10,32.5562396
2087,11,32.67232272
2087,12,32.74480137
2088,1,32.78486008
2088,2,32.77898015
2088,3,32.74786968
2088,4,32.66572394
2088,5,32.57325078
2088,6,32.48467208
2088,7,32.43852936
2088,8,32.41290027
2088,9,32.40374401
2088,10,32.48322449
2088,11,32.70209686
2088,12,32.8651563
2089,1,32.91262278
2089,2,32.8935374
2089,3,32.88799488
2089,4,32.81571828
2089,5,32.6943627
2089,6,32.55752511
2089,7,32.55352934
2089,8,32.60690601
2089,9,32.63826082
2089,10,32.69400788
2089,11,32.76569708
2089,12,32.85666534
2090,1,32.9149681
2090,2,32.91348941
2090,3,32.87739858
2090,4,32.76672902
2090,5,32.63055256
2090,6,32.48644979
2090,7,32.4469235
2090,8,32.4304783
2090,9,32.4599669
2090,10,32.57202172
2090,11,32.68196859
2090,12,32.80474621
2091,1,32.8650417
2091,2,32.86616772
2091,3,32.80360052
2091,4,32.69881552
2091,5,32.5821395
2091,6,32.44389747
2091,7,32.41224847
2091,8,32.3925812
2091,9,32.42103359
2091,10,32.45743243
2091,11,32.60189364
2091,12,32.70945578
2092,1,32.74975183
2092,2,32.74496495
2092,3,32.69208354
2092,4,32.60689218
2092,5,32.48119551
2092,6,32.37664346
2092,7,32.34385845
2092,8,32.35943101
2092,9,32.42235274
2092,10,32.48351342
2092,11,32.59845301
2092,12,32.70352392
2093,1,32.77350004
2093,2,32.78633536
2093,3,32.67690138
2093,4,32.5501681
2093,5,32.41851548
2093,6,32.34201002
2093,7,32.30641854
2093,8,32.34526442
2093,9,32.39966351
2093,10,32.50823998
2093,11,32.58216745
2093,12,32.76721017
2094,1,32.87297734
2094,2,32.88011529
2094,3,32.80310011
2094,4,32.67673954
2094,5,32.59746856
2094,6,32.46649376
2094,7,32.37098444
2094,8,32.35729433
2094,9,32.42191679
2094,10,32.51837415
2094,11,32.63266151
2094,12,32.76977863
2095,1,32.83475555
2095,2,32.78557341
2095,3,32.71187998
2095,4,32.58569333
2095,5,32.45570013
2095,6,32.3341862
2095,7,32.23707645
2095,8,32.17159486
2095,9,32.20852415
2095,10,32.34552907
2095,11,32.51239831
2095,12,32.65620598
2096,1,32.72362542
2096,2,32.70532868
2096,3,32.73662394
2096,4,32.63321382
2096,5,32.47945955
2096,6,32.38368605
2096,7,32.34663042
2096,8,32.32497413
2096,9,32.3972954
2096,10,32.48851006
2096,11,32.62906832
2096,12,32.80435561
2097,1,32.84277625
2097,2,32.79808185
2097,3,32.72919733
2097,4,32.61691871
2097,5,32.45855116
2097,6,32.33833424
2097,7,32.26349455
2097,8,32.26294265
2097,9,32.2691254
2097,10,32.34213933
2097,11,32.49266798
2097,12,32.59772301
2098,1,32.68462497
2098,2,32.66705562
2098,3,32.57222101
2098,4,32.4568363
2098,5,32.35549555
2098,6,32.25695213
2098,7,32.17347921
2098,8,32.12438872
2098,9,32.13402164
2098,10,32.24562797
2098,11,32.35876963
2098,12,32.49439129
2099,1,32.55026264
2099,2,32.54915266
2099,3,32.47087163
2099,4,32.33502203
2099,5,32.17948296
2099,6,32.08360321
2099,7,32.07372096
2099,8,32.02944804
2099,9,32.05677475
2099,10,32.17752516
2099,11,32.30210684
2099,12,32.46955298
